{
  "accuracy": 0.52239397542608,
  "report": {
    "Home": {
      "precision": 0.5946768060836501,
      "recall": 0.6788194444444444,
      "f1-score": 0.6339683826509931,
      "support": 1152.0
    },
    "Draw": {
      "precision": 0.3556701030927835,
      "recall": 0.21461897356143078,
      "f1-score": 0.2677012609117362,
      "support": 643.0
    },
    "Away": {
      "precision": 0.4853658536585366,
      "recall": 0.5467032967032966,
      "f1-score": 0.5142118863049095,
      "support": 728.0
    },
    "accuracy": 0.52239397542608,
    "macro avg": {
      "precision": 0.47857092094499004,
      "recall": 0.48004723823639067,
      "f1-score": 0.4719605099558796,
      "support": 2523.0
    },
    "weighted avg": {
      "precision": 0.502223503115513,
      "recall": 0.52239397542608,
      "f1-score": 0.506068070079336,
      "support": 2523.0
    }
  },
  "stats_mae": {
    "home_shots": 3.4184443630389314,
    "away_shots": 2.521377079522432,
    "home_sot": 2.002543609533737,
    "away_sot": 1.5891021490097046,
    "home_corners": 2.499678629547802,
    "away_corners": 1.8887935681129568,
    "home_fouls": 3.615605211969632,
    "away_fouls": 3.3274369737995206,
    "home_yellows": 0.9027746929161584,
    "away_yellows": 0.9953569992264705,
    "home_reds": 0.15125445313334687,
    "away_reds": 0.1918022157346357,
    "home_offsides": 1.6300492055380522,
    "away_offsides": 1.9925463466501947
  }
}